gkz,jahr,sum_female_neighbors,total_neighbors,female_neighbor_share,known_neighbor_statuses 
411000,2001,1,12,8.333333333333334,12
411000,2006,1,12,8.333333333333334,12
411000,2011,2,12,16.666666666666668,12
411000,2016,2,12,16.666666666666668,12
412000,2001,2,21,9.523809523809524,21
412000,2006,2,21,9.523809523809524,21
412000,2011,5,21,23.80952380952381,21
412000,2016,5,21,23.80952380952381,21
413000,2001,2,7,28.571428571428573,7
413000,2006,1,7,14.285714285714286,7
413000,2011,1,7,14.285714285714286,7
413000,2016,1,7,14.285714285714286,7
414000,2001,1,9,11.11111111111111,9
414000,2006,2,9,22.22222222222222,9
414000,2011,2,9,22.22222222222222,9
414000,2016,1,9,11.11111111111111,9
431001,2001,0,4,0.0,4
431001,2006,1,4,25.0,4
431001,2011,0,4,0.0,4
431001,2016,0,4,0.0,4
431002,2001,1,8,12.5,8
431002,2006,0,8,0.0,8
431002,2011,0,8,0.0,8
431002,2016,0,8,0.0,8
431003,2001,0,4,0.0,4
431003,2006,0,4,0.0,4
431003,2011,0,4,0.0,4
431003,2016,1,4,25.0,4
431004,2001,0,3,0.0,3
431004,2006,0,3,0.0,3
431004,2011,0,3,0.0,3
431004,2016,0,3,0.0,3
431005,2001,1,4,25.0,4
431005,2006,1,4,25.0,4
431005,2011,1,4,25.0,4
431005,2016,0,4,0.0,4
431006,2001,1,6,16.666666666666668,6
431006,2006,1,6,16.666666666666668,6
431006,2011,1,6,16.666666666666668,6
431006,2016,1,6,16.666666666666668,6
431007,2001,0,7,0.0,7
431007,2006,0,7,0.0,7
431007,2011,0,7,0.0,7
431007,2016,0,7,0.0,7
431008,2001,0,2,0.0,2
431008,2006,1,2,50.0,2
431008,2011,0,2,0.0,2
431008,2016,0,2,0.0,2
431009,2001,0,4,0.0,4
431009,2006,0,4,0.0,4
431009,2011,0,4,0.0,4
431009,2016,0,4,0.0,4
431010,2001,1,3,33.333333333333336,3
431010,2006,1,3,33.333333333333336,3
431010,2011,1,3,33.333333333333336,3
431010,2016,0,3,0.0,3
431011,2001,0,6,0.0,6
431011,2006,0,6,0.0,6
431011,2011,0,6,0.0,6
431011,2016,0,6,0.0,6
431012,2001,0,3,0.0,1
431012,2006,0,3,0.0,1
431012,2011,0,3,0.0,1
431012,2016,0,3,0.0,1
431013,2001,1,4,25.0,4
431013,2006,1,4,25.0,4
431013,2011,1,4,25.0,4
431013,2016,1,4,25.0,4
431014,2001,1,6,16.666666666666668,6
431014,2006,0,6,0.0,6
431014,2011,0,6,0.0,6
431014,2016,0,6,0.0,6
431015,2001,0,6,0.0,6
431015,2006,0,6,0.0,6
431015,2011,0,6,0.0,6
431015,2016,0,6,0.0,6
431016,2001,0,5,0.0,5
431016,2006,0,5,0.0,5
431016,2011,0,5,0.0,5
431016,2016,1,5,20.0,5
431017,2001,0,5,0.0,5
431017,2006,1,5,20.0,5
431017,2011,0,5,0.0,5
431017,2016,0,5,0.0,5
431018,2001,1,2,50.0,1
431018,2006,1,2,50.0,1
431018,2011,0,2,0.0,1
431018,2016,0,2,0.0,1
431019,2001,0,5,0.0,5
431019,2006,0,5,0.0,5
431019,2011,0,5,0.0,5
431019,2016,0,5,0.0,5
431020,2001,0,1,0.0,1
431020,2006,0,1,0.0,1
431020,2011,0,1,0.0,1
431020,2016,0,1,0.0,1
431021,2001,0,6,0.0,5
431021,2006,0,6,0.0,5
431021,2011,0,6,0.0,5
431021,2016,0,6,0.0,5
431022,2001,0,2,0.0,2
431022,2006,0,2,0.0,2
431022,2011,0,2,0.0,2
431022,2016,0,2,0.0,2
431200,2001,1,2,50.0,2
431200,2006,1,2,50.0,2
431200,2011,0,2,0.0,2
431200,2016,0,2,0.0,2
432001,2001,1,5,20.0,5
432001,2006,0,5,0.0,5
432001,2011,0,5,0.0,5
432001,2016,0,5,0.0,5
432002,2001,0,7,0.0,7
432002,2006,2,7,28.571428571428573,7
432002,2011,2,7,28.571428571428573,7
432002,2016,1,7,14.285714285714286,7
432003,2001,1,4,25.0,4
432003,2006,0,4,0.0,4
432003,2011,0,4,0.0,4
432003,2016,0,4,0.0,4
432004,2001,0,4,0.0,4
432004,2006,0,4,0.0,4
432004,2011,0,4,0.0,4
432004,2016,0,4,0.0,4
432005,2001,0,5,0.0,5
432005,2006,0,5,0.0,5
432005,2011,1,5,20.0,5
432005,2016,0,5,0.0,5
432006,2001,0,4,0.0,4
432006,2006,0,4,0.0,4
432006,2011,0,4,0.0,4
432006,2016,0,4,0.0,4
432007,2001,0,4,0.0,4
432007,2006,0,4,0.0,4
432007,2011,0,4,0.0,4
432007,2016,0,4,0.0,4
432008,2001,0,6,0.0,6
432008,2006,0,6,0.0,6
432008,2011,0,6,0.0,6
432008,2016,0,6,0.0,6
432009,2001,0,6,0.0,6
432009,2006,0,6,0.0,6
432009,2011,0,6,0.0,6
432009,2016,0,6,0.0,6
432010,2001,0,8,0.0,8
432010,2006,0,8,0.0,8
432010,2011,1,8,12.5,8
432010,2016,0,8,0.0,8
432011,2001,0,7,0.0,7
432011,2006,1,7,14.285714285714286,7
432011,2011,1,7,14.285714285714286,7
432011,2016,1,7,14.285714285714286,7
432012,2001,0,7,0.0,7
432012,2006,0,7,0.0,7
432012,2011,0,7,0.0,7
432012,2016,0,7,0.0,7
432013,2001,1,7,14.285714285714286,7
432013,2006,0,7,0.0,7
432013,2011,1,7,14.285714285714286,7
432013,2016,1,7,14.285714285714286,7
432014,2001,1,4,25.0,4
432014,2006,0,4,0.0,4
432014,2011,0,4,0.0,4
432014,2016,0,4,0.0,4
432015,2001,0,5,0.0,5
432015,2006,0,5,0.0,5
432015,2011,1,5,20.0,5
432015,2016,0,5,0.0,5
432016,2001,0,6,0.0,6
432016,2006,1,6,16.666666666666668,6
432016,2011,2,6,33.333333333333336,6
432016,2016,2,6,33.333333333333336,6
432017,2001,0,5,0.0,5
432017,2006,0,5,0.0,5
432017,2011,0,5,0.0,5
432017,2016,0,5,0.0,5
432018,2001,1,6,16.666666666666668,6
432018,2006,0,6,0.0,6
432018,2011,0,6,0.0,6
432018,2016,0,6,0.0,6
432019,2001,0,6,0.0,6
432019,2006,1,6,16.666666666666668,6
432019,2011,1,6,16.666666666666668,6
432019,2016,1,6,16.666666666666668,6
432020,2001,0,4,0.0,4
432020,2006,0,4,0.0,4
432020,2011,0,4,0.0,4
432020,2016,0,4,0.0,4
432021,2001,0,2,0.0,2
432021,2006,0,2,0.0,2
432021,2011,1,2,50.0,2
432021,2016,0,2,0.0,2
432022,2001,0,8,0.0,8
432022,2006,0,8,0.0,8
432022,2011,1,8,12.5,8
432022,2016,1,8,12.5,8
432023,2001,0,5,0.0,5
432023,2006,0,5,0.0,5
432023,2011,0,5,0.0,5
432023,2016,0,5,0.0,5
433001,2001,0,3,0.0,3
433001,2006,0,3,0.0,3
433001,2011,0,3,0.0,3
433001,2016,0,3,0.0,3
433002,2001,0,3,0.0,3
433002,2006,1,3,33.333333333333336,3
433002,2011,1,3,33.333333333333336,3
433002,2016,0,3,0.0,3
433003,2001,0,4,0.0,4
433003,2006,0,4,0.0,4
433003,2011,0,4,0.0,4
433003,2016,0,4,0.0,4
433004,2001,0,8,0.0,8
433004,2006,0,8,0.0,8
433004,2011,0,8,0.0,8
433004,2016,0,8,0.0,8
433005,2001,0,5,0.0,5
433005,2006,1,5,20.0,5
433005,2011,2,5,40.0,5
433005,2016,1,5,20.0,5
433006,2001,0,6,0.0,6
433006,2006,0,6,0.0,6
433006,2011,0,6,0.0,6
433006,2016,0,6,0.0,6
433007,2001,1,3,33.333333333333336,3
433007,2006,1,3,33.333333333333336,3
433007,2011,2,3,66.66666666666667,3
433007,2016,1,3,33.333333333333336,3
433008,2001,1,10,10.0,10
433008,2006,1,10,10.0,10
433008,2011,1,10,10.0,10
433008,2016,0,10,0.0,10
433009,2001,0,4,0.0,4
433009,2006,0,4,0.0,4
433009,2011,0,4,0.0,4
433009,2016,0,4,0.0,4
433010,2001,1,5,20.0,5
433010,2006,1,5,20.0,5
433010,2011,2,5,40.0,5
433010,2016,1,5,20.0,5
433011,2001,0,7,0.0,7
433011,2006,0,7,0.0,7
433011,2011,0,7,0.0,7
433011,2016,0,7,0.0,7
433012,2001,1,9,11.11111111111111,9
433012,2006,2,9,22.22222222222222,9
433012,2011,3,9,33.333333333333336,9
433012,2016,1,9,11.11111111111111,9
433013,2001,0,2,0.0,2
433013,2006,0,2,0.0,2
433013,2011,0,2,0.0,2
433013,2016,0,2,0.0,2
433014,2001,0,5,0.0,5
433014,2006,0,5,0.0,5
433014,2011,0,5,0.0,5
433014,2016,0,5,0.0,5
434001,2001,1,7,14.285714285714286,7
434001,2006,1,7,14.285714285714286,7
434001,2011,1,7,14.285714285714286,7
434001,2016,0,7,0.0,7
434002,2001,0,3,0.0,3
434002,2006,1,3,33.333333333333336,3
434002,2011,0,3,0.0,3
434002,2016,0,3,0.0,3
434003,2001,0,6,0.0,6
434003,2006,0,6,0.0,6
434003,2011,0,6,0.0,6
434003,2016,0,6,0.0,6
434004,2001,0,5,0.0,5
434004,2006,0,5,0.0,5
434004,2011,0,5,0.0,5
434004,2016,0,5,0.0,5
434005,2001,1,7,14.285714285714286,7
434005,2006,1,7,14.285714285714286,7
434005,2011,1,7,14.285714285714286,7
434005,2016,2,7,28.571428571428573,7
434006,2001,0,5,0.0,5
434006,2006,0,5,0.0,5
434006,2011,1,5,20.0,5
434006,2016,1,5,20.0,5
434007,2001,0,4,0.0,4
434007,2006,1,4,25.0,4
434007,2011,0,4,0.0,4
434007,2016,0,4,0.0,4
434008,2001,1,6,16.666666666666668,6
434008,2006,2,6,33.333333333333336,6
434008,2011,1,6,16.666666666666668,6
434008,2016,0,6,0.0,6
434009,2001,1,7,14.285714285714286,7
434009,2006,1,7,14.285714285714286,7
434009,2011,0,7,0.0,7
434009,2016,1,7,14.285714285714286,7
434010,2001,1,4,25.0,4
434010,2006,1,4,25.0,4
434010,2011,1,4,25.0,4
434010,2016,0,4,0.0,4
434011,2001,0,7,0.0,7
434011,2006,0,7,0.0,7
434011,2011,0,7,0.0,7
434011,2016,0,7,0.0,7
434012,2001,0,7,0.0,7
434012,2006,1,7,14.285714285714286,7
434012,2011,0,7,0.0,7
434012,2016,0,7,0.0,7
434013,2001,0,7,0.0,7
434013,2006,0,7,0.0,7
434013,2011,0,7,0.0,7
434013,2016,0,7,0.0,7
435001,2001,0,5,0.0,4
435001,2006,0,5,0.0,4
435001,2011,0,5,0.0,4
435001,2016,0,5,0.0,4
435002,2001,0,7,0.0,6
435002,2006,0,7,0.0,6
435002,2011,1,7,14.285714285714286,6
435002,2016,0,7,0.0,6
435003,2001,0,6,0.0,6
435003,2006,0,6,0.0,6
435003,2011,1,6,16.666666666666668,6
435003,2016,0,6,0.0,6
435004,2001,0,7,0.0,7
435004,2006,0,7,0.0,7
435004,2011,0,7,0.0,7
435004,2016,0,7,0.0,7
435005,2001,0,4,0.0,4
435005,2006,0,4,0.0,4
435005,2011,0,4,0.0,4
435005,2016,0,4,0.0,4
435006,2001,2,6,33.333333333333336,6
435006,2006,1,6,16.666666666666668,6
435006,2011,1,6,16.666666666666668,6
435006,2016,2,6,33.333333333333336,6
435007,2001,1,5,20.0,5
435007,2006,1,5,20.0,5
435007,2011,1,5,20.0,5
435007,2016,1,5,20.0,5
435008,2001,0,2,0.0,2
435008,2006,0,2,0.0,2
435008,2011,0,2,0.0,2
435008,2016,0,2,0.0,2
435009,2001,0,3,0.0,3
435009,2006,0,3,0.0,3
435009,2011,0,3,0.0,3
435009,2016,0,3,0.0,3
435010,2001,0,5,0.0,5
435010,2006,0,5,0.0,5
435010,2011,0,5,0.0,5
435010,2016,0,5,0.0,5
435011,2001,1,2,50.0,2
435011,2006,0,2,0.0,2
435011,2011,0,2,0.0,2
435011,2016,0,2,0.0,2
435012,2001,0,6,0.0,6
435012,2006,0,6,0.0,6
435012,2011,0,6,0.0,6
435012,2016,0,6,0.0,6
435013,2001,0,6,0.0,6
435013,2006,1,6,16.666666666666668,6
435013,2011,1,6,16.666666666666668,6
435013,2016,1,6,16.666666666666668,6
435014,2001,1,9,11.11111111111111,9
435014,2006,0,9,0.0,9
435014,2011,0,9,0.0,9
435014,2016,2,9,22.22222222222222,9
435015,2001,0,6,0.0,6
435015,2006,0,6,0.0,6
435015,2011,0,6,0.0,6
435015,2016,0,6,0.0,6
435016,2001,0,5,0.0,4
435016,2006,0,5,0.0,4
435016,2011,1,5,20.0,4
435016,2016,0,5,0.0,4
435017,2001,0,6,0.0,6
435017,2006,1,6,16.666666666666668,6
435017,2011,1,6,16.666666666666668,6
435017,2016,1,6,16.666666666666668,6
435018,2001,0,4,0.0,4
435018,2006,0,4,0.0,4
435018,2011,0,4,0.0,4
435018,2016,0,4,0.0,4
435019,2001,2,6,33.333333333333336,6
435019,2006,1,6,16.666666666666668,6
435019,2011,1,6,16.666666666666668,6
435019,2016,1,6,16.666666666666668,6
435020,2001,1,5,20.0,5
435020,2006,0,5,0.0,5
435020,2011,0,5,0.0,5
435020,2016,0,5,0.0,5
435021,2001,1,6,16.666666666666668,6
435021,2006,0,6,0.0,6
435021,2011,0,6,0.0,6
435021,2016,1,6,16.666666666666668,6
435022,2001,2,5,40.0,5
435022,2006,1,5,20.0,5
435022,2011,1,5,20.0,5
435022,2016,2,5,40.0,5
435023,2001,1,5,20.0,5
435023,2006,0,5,0.0,5
435023,2011,0,5,0.0,5
435023,2016,0,5,0.0,5
435024,2001,1,5,20.0,5
435024,2006,1,5,20.0,5
435024,2011,1,5,20.0,5
435024,2016,1,5,20.0,5
435025,2001,0,5,0.0,4
435025,2006,0,5,0.0,4
435025,2011,0,5,0.0,4
435025,2016,0,5,0.0,4
435026,2001,2,7,28.571428571428573,7
435026,2006,0,7,0.0,7
435026,2011,0,7,0.0,7
435026,2016,1,7,14.285714285714286,7
435027,2001,0,3,0.0,2
435027,2006,0,3,0.0,2
435027,2011,0,3,0.0,2
435027,2016,0,3,0.0,2
435028,2001,1,7,14.285714285714286,6
435028,2006,1,7,14.285714285714286,6
435028,2011,1,7,14.285714285714286,6
435028,2016,1,7,14.285714285714286,6
435029,2001,0,8,0.0,8
435029,2006,0,8,0.0,8
435029,2011,1,8,12.5,8
435029,2016,0,8,0.0,8
435200,2001,0,6,0.0,6
435200,2006,0,6,0.0,6
435200,2011,1,6,16.666666666666668,6
435200,2016,0,6,0.0,6
436001,2001,0,5,0.0,5
436001,2006,0,5,0.0,5
436001,2011,3,5,60.0,5
436001,2016,2,5,40.0,5
436002,2001,2,6,33.333333333333336,6
436002,2006,2,6,33.333333333333336,6
436002,2011,1,6,16.666666666666668,6
436002,2016,2,6,33.333333333333336,6
436003,2001,1,4,25.0,4
436003,2006,1,4,25.0,4
436003,2011,2,4,50.0,4
436003,2016,1,4,25.0,4
436004,2001,1,5,20.0,5
436004,2006,2,5,40.0,5
436004,2011,3,5,60.0,5
436004,2016,2,5,40.0,5
436005,2001,2,6,33.333333333333336,6
436005,2006,2,6,33.333333333333336,6
436005,2011,2,6,33.333333333333336,6
436005,2016,1,6,16.666666666666668,6
436006,2001,1,6,16.666666666666668,6
436006,2006,1,6,16.666666666666668,6
436006,2011,2,6,33.333333333333336,6
436006,2016,2,6,33.333333333333336,6
436007,2001,1,8,12.5,8
436007,2006,2,8,25.0,8
436007,2011,3,8,37.5,8
436007,2016,1,8,12.5,8
436008,2001,3,7,42.857142857142854,7
436008,2006,3,7,42.857142857142854,7
436008,2011,3,7,42.857142857142854,7
436008,2016,3,7,42.857142857142854,7
436009,2001,2,3,66.66666666666667,3
436009,2006,2,3,66.66666666666667,3
436009,2011,3,3,100.0,3
436009,2016,2,3,66.66666666666667,3
436010,2001,1,4,25.0,4
436010,2006,1,4,25.0,4
436010,2011,2,4,50.0,4
436010,2016,0,4,0.0,4
436011,2001,1,6,16.666666666666668,6
436011,2006,1,6,16.666666666666668,6
436011,2011,2,6,33.333333333333336,6
436011,2016,0,6,0.0,6
436012,2001,1,4,25.0,4
436012,2006,1,4,25.0,4
436012,2011,3,4,75.0,4
436012,2016,2,4,50.0,4
437001,2001,0,5,0.0,5
437001,2006,0,5,0.0,5
437001,2011,0,5,0.0,5
437001,2016,0,5,0.0,5
437003,2001,0,8,0.0,8
437003,2006,0,8,0.0,8
437003,2011,0,8,0.0,8
437003,2016,0,8,0.0,8
437004,2001,0,3,0.0,3
437004,2006,0,3,0.0,3
437004,2011,0,3,0.0,3
437004,2016,0,3,0.0,3
437005,2001,0,4,0.0,4
437005,2006,0,4,0.0,4
437005,2011,0,4,0.0,4
437005,2016,0,4,0.0,4
437006,2001,0,3,0.0,2
437006,2006,0,3,0.0,2
437006,2011,0,3,0.0,2
437006,2016,0,3,0.0,2
437007,2001,0,5,0.0,5
437007,2006,0,5,0.0,5
437007,2011,0,5,0.0,5
437007,2016,0,5,0.0,5
437009,2001,0,6,0.0,6
437009,2006,0,6,0.0,6
437009,2011,0,6,0.0,6
437009,2016,0,6,0.0,6
437010,2001,0,4,0.0,4
437010,2006,0,4,0.0,4
437010,2011,0,4,0.0,4
437010,2016,0,4,0.0,4
437011,2001,0,6,0.0,6
437011,2006,0,6,0.0,6
437011,2011,0,6,0.0,6
437011,2016,0,6,0.0,6
437012,2001,0,7,0.0,6
437012,2006,0,7,0.0,6
437012,2011,0,7,0.0,6
437012,2016,0,7,0.0,6
437013,2001,0,7,0.0,7
437013,2006,0,7,0.0,7
437013,2011,0,7,0.0,7
437013,2016,0,7,0.0,7
437016,2001,1,4,25.0,4
437016,2006,1,4,25.0,4
437016,2011,0,4,0.0,4
437016,2016,0,4,0.0,4
438001,2001,0,4,0.0,4
438001,2006,0,4,0.0,4
438001,2011,0,4,0.0,4
438001,2016,0,4,0.0,4
438002,2001,0,7,0.0,7
438002,2006,0,7,0.0,7
438002,2011,0,7,0.0,7
438002,2016,0,7,0.0,7
438003,2001,0,4,0.0,4
438003,2006,0,4,0.0,4
438003,2011,0,4,0.0,4
438003,2016,0,4,0.0,4
438004,2001,1,5,20.0,5
438004,2006,1,5,20.0,5
438004,2011,1,5,20.0,5
438004,2016,0,5,0.0,5
438005,2001,0,5,0.0,5
438005,2006,0,5,0.0,5
438005,2011,0,5,0.0,5
438005,2016,0,5,0.0,5
438006,2001,0,5,0.0,5
438006,2006,0,5,0.0,5
438006,2011,0,5,0.0,5
438006,2016,0,5,0.0,5
438007,2001,0,2,0.0,2
438007,2006,1,2,50.0,2
438007,2011,2,2,100.0,2
438007,2016,0,2,0.0,2
438008,2001,2,4,50.0,4
438008,2006,0,4,0.0,4
438008,2011,0,4,0.0,4
438008,2016,1,4,25.0,4
438009,2001,1,5,20.0,5
438009,2006,1,5,20.0,5
438009,2011,1,5,20.0,5
438009,2016,0,5,0.0,5
438010,2001,1,6,16.666666666666668,6
438010,2006,0,6,0.0,6
438010,2011,0,6,0.0,6
438010,2016,0,6,0.0,6
438011,2001,0,8,0.0,8
438011,2006,1,8,12.5,8
438011,2011,2,8,25.0,8
438011,2016,0,8,0.0,8
438012,2001,0,5,0.0,5
438012,2006,0,5,0.0,5
438012,2011,0,5,0.0,5
438012,2016,0,5,0.0,5
438013,2001,0,4,0.0,4
438013,2006,1,4,25.0,4
438013,2011,2,4,50.0,4
438013,2016,1,4,25.0,4
439001,2001,0,4,0.0,4
439001,2006,0,4,0.0,4
439001,2011,1,4,25.0,4
439001,2016,1,4,25.0,4
439002,2001,0,4,0.0,4
439002,2006,0,4,0.0,4
439002,2011,0,4,0.0,4
439002,2016,0,4,0.0,4
439003,2001,0,5,0.0,5
439003,2006,0,5,0.0,5
439003,2011,0,5,0.0,5
439003,2016,0,5,0.0,5
439004,2001,0,3,0.0,3
439004,2006,0,3,0.0,3
439004,2011,0,3,0.0,3
439004,2016,0,3,0.0,3
439005,2001,0,5,0.0,5
439005,2006,0,5,0.0,5
439005,2011,0,5,0.0,5
439005,2016,0,5,0.0,5
439006,2001,0,5,0.0,5
439006,2006,0,5,0.0,5
439006,2011,0,5,0.0,5
439006,2016,0,5,0.0,5
439007,2001,0,6,0.0,6
439007,2006,0,6,0.0,6
439007,2011,1,6,16.666666666666668,6
439007,2016,1,6,16.666666666666668,6
439008,2001,1,7,14.285714285714286,7
439008,2006,1,7,14.285714285714286,7
439008,2011,0,7,0.0,7
439008,2016,1,7,14.285714285714286,7
439009,2001,0,2,0.0,2
439009,2006,0,2,0.0,2
439009,2011,0,2,0.0,2
439009,2016,0,2,0.0,2
439010,2001,0,3,0.0,3
439010,2006,0,3,0.0,3
439010,2011,0,3,0.0,3
439010,2016,0,3,0.0,3
439011,2001,0,4,0.0,4
439011,2006,0,4,0.0,4
439011,2011,0,4,0.0,4
439011,2016,0,4,0.0,4
439012,2001,0,5,0.0,5
439012,2006,0,5,0.0,5
439012,2011,0,5,0.0,5
439012,2016,0,5,0.0,5
439013,2001,0,2,0.0,2
439013,2006,0,2,0.0,2
439013,2011,0,2,0.0,2
439013,2016,0,2,0.0,2
439014,2001,0,7,0.0,7
439014,2006,0,7,0.0,7
439014,2011,0,7,0.0,7
439014,2016,0,7,0.0,7
439015,2001,0,7,0.0,7
439015,2006,0,7,0.0,7
439015,2011,0,7,0.0,7
439015,2016,0,7,0.0,7
439016,2001,1,5,20.0,5
439016,2006,1,5,20.0,5
439016,2011,0,5,0.0,5
439016,2016,1,5,20.0,5
439017,2001,0,2,0.0,2
439017,2006,0,2,0.0,2
439017,2011,0,2,0.0,2
439017,2016,0,2,0.0,2
440001,2001,0,6,0.0,6
440001,2006,0,6,0.0,6
440001,2011,0,6,0.0,6
440001,2016,0,6,0.0,6
440002,2001,0,4,0.0,4
440002,2006,0,4,0.0,4
440002,2011,0,4,0.0,4
440002,2016,0,4,0.0,4
440003,2001,1,3,33.333333333333336,3
440003,2006,1,3,33.333333333333336,3
440003,2011,1,3,33.333333333333336,3
440003,2016,0,3,0.0,3
440004,2001,2,9,22.22222222222222,9
440004,2006,1,9,11.11111111111111,9
440004,2011,1,9,11.11111111111111,9
440004,2016,1,9,11.11111111111111,9
440005,2001,0,7,0.0,7
440005,2006,0,7,0.0,7
440005,2011,0,7,0.0,7
440005,2016,0,7,0.0,7
440006,2001,1,4,25.0,4
440006,2006,1,4,25.0,4
440006,2011,1,4,25.0,4
440006,2016,1,4,25.0,4
440007,2001,0,6,0.0,6
440007,2006,0,6,0.0,6
440007,2011,1,6,16.666666666666668,6
440007,2016,1,6,16.666666666666668,6
440008,2001,0,9,0.0,9
440008,2006,0,9,0.0,9
440008,2011,0,9,0.0,9
440008,2016,0,9,0.0,9
440009,2001,2,6,33.333333333333336,6
440009,2006,3,6,50.0,6
440009,2011,2,6,33.333333333333336,6
440009,2016,2,6,33.333333333333336,6
440010,2001,1,5,20.0,5
440010,2006,1,5,20.0,5
440010,2011,2,5,40.0,5
440010,2016,2,5,40.0,5
440011,2001,2,4,50.0,4
440011,2006,3,4,75.0,4
440011,2011,2,4,50.0,4
440011,2016,2,4,50.0,4
440012,2001,1,8,12.5,8
440012,2006,2,8,25.0,8
440012,2011,1,8,12.5,8
440012,2016,1,8,12.5,8
440013,2001,1,6,16.666666666666668,6
440013,2006,1,6,16.666666666666668,6
440013,2011,1,6,16.666666666666668,6
440013,2016,1,6,16.666666666666668,6
440014,2001,1,4,25.0,4
440014,2006,0,4,0.0,4
440014,2011,0,4,0.0,4
440014,2016,0,4,0.0,4
440015,2001,0,7,0.0,7
440015,2006,0,7,0.0,7
440015,2011,0,7,0.0,7
440015,2016,0,7,0.0,7
440016,2001,2,8,25.0,8
440016,2006,3,8,37.5,8
440016,2011,3,8,37.5,8
440016,2016,3,8,37.5,8
440017,2001,0,7,0.0,7
440017,2006,0,7,0.0,7
440017,2011,0,7,0.0,7
440017,2016,1,7,14.285714285714286,7
440018,2001,0,6,0.0,6
440018,2006,0,6,0.0,6
440018,2011,0,6,0.0,6
440018,2016,0,6,0.0,6
440019,2001,2,7,28.571428571428573,7
440019,2006,2,7,28.571428571428573,7
440019,2011,1,7,14.285714285714286,7
440019,2016,1,7,14.285714285714286,7
440020,2001,2,6,33.333333333333336,6
440020,2006,2,6,33.333333333333336,6
440020,2011,1,6,16.666666666666668,6
440020,2016,1,6,16.666666666666668,6
440021,2001,0,5,0.0,5
440021,2006,0,5,0.0,5
440021,2011,1,5,20.0,5
440021,2016,1,5,20.0,5
440022,2001,0,5,0.0,5
440022,2006,0,5,0.0,5
440022,2011,0,5,0.0,5
440022,2016,0,5,0.0,5
440023,2001,0,6,0.0,6
440023,2006,1,6,16.666666666666668,6
440023,2011,0,6,0.0,6
440023,2016,0,6,0.0,6
440024,2001,1,8,12.5,8
440024,2006,1,8,12.5,8
440024,2011,0,8,0.0,8
440024,2016,0,8,0.0,8
440025,2001,0,4,0.0,4
440025,2006,0,4,0.0,4
440025,2011,0,4,0.0,4
440025,2016,0,4,0.0,4
531001,2001,0,4,0.0,4
531001,2006,0,4,0.0,4
531001,2011,0,4,0.0,4
531001,2016,0,4,0.0,4
531002,2001,0,7,0.0,7
531002,2006,0,7,0.0,7
531002,2011,0,7,0.0,7
531002,2016,0,7,0.0,7
531003,2001,0,6,0.0,6
531003,2006,0,6,0.0,6
531003,2011,2,6,33.333333333333336,6
531003,2016,2,6,33.333333333333336,6
531004,2001,0,5,0.0,5
531004,2006,0,5,0.0,5
531004,2011,1,5,20.0,5
531004,2016,1,5,20.0,5
531005,2001,0,10,0.0,10
531005,2006,0,10,0.0,10
531005,2011,0,10,0.0,10
531005,2016,0,10,0.0,10
531006,2001,0,5,0.0,5
531006,2006,0,5,0.0,5
531006,2011,0,5,0.0,5
531006,2016,0,5,0.0,5
531007,2001,1,5,20.0,5
531007,2006,0,5,0.0,5
531007,2011,1,5,20.0,5
531007,2016,1,5,20.0,5
531008,2001,1,5,20.0,5
531008,2006,1,5,20.0,5
531008,2011,0,5,0.0,5
531008,2016,0,5,0.0,5
531009,2001,0,7,0.0,7
531009,2006,0,7,0.0,7
531009,2011,0,7,0.0,7
531009,2016,0,7,0.0,7
531010,2001,1,8,12.5,8
531010,2006,2,8,25.0,8
531010,2011,1,8,12.5,8
531010,2016,1,8,12.5,8
531011,2001,0,6,0.0,6
531011,2006,0,6,0.0,6
531011,2011,0,6,0.0,6
531011,2016,0,6,0.0,6
531012,2001,0,4,0.0,4
531012,2006,0,4,0.0,4
531012,2011,1,4,25.0,4
531012,2016,1,4,25.0,4
531013,2001,0,5,0.0,5
531013,2006,0,5,0.0,5
531013,2011,1,5,20.0,5
531013,2016,2,5,40.0,5
531014,2001,0,6,0.0,6
531014,2006,0,6,0.0,6
531014,2011,1,6,16.666666666666668,6
531014,2016,1,6,16.666666666666668,6
531015,2001,0,6,0.0,6
531015,2006,0,6,0.0,6
531015,2011,1,6,16.666666666666668,6
531015,2016,1,6,16.666666666666668,6
531016,2001,0,6,0.0,6
531016,2006,0,6,0.0,6
531016,2011,0,6,0.0,6
531016,2016,0,6,0.0,6
531017,2001,0,6,0.0,6
531017,2006,0,6,0.0,6
531017,2011,2,6,33.333333333333336,6
531017,2016,3,6,50.0,6
531018,2001,1,5,20.0,5
531018,2006,0,5,0.0,5
531018,2011,1,5,20.0,5
531018,2016,1,5,20.0,5
532001,2001,0,5,0.0,5
532001,2006,0,5,0.0,5
532001,2011,0,5,0.0,5
532001,2016,0,5,0.0,5
532002,2001,1,7,14.285714285714286,7
532002,2006,0,7,0.0,7
532002,2011,0,7,0.0,7
532002,2016,0,7,0.0,7
532003,2001,0,7,0.0,7
532003,2006,1,7,14.285714285714286,7
532003,2011,1,7,14.285714285714286,7
532003,2016,0,7,0.0,7
532004,2001,0,4,0.0,4
532004,2006,0,4,0.0,4
532004,2011,0,4,0.0,4
532004,2016,0,4,0.0,4
532005,2001,0,3,0.0,3
532005,2006,0,3,0.0,3
532005,2011,0,3,0.0,3
532005,2016,0,3,0.0,3
532006,2001,0,5,0.0,5
532006,2006,0,5,0.0,5
532006,2011,0,5,0.0,5
532006,2016,0,5,0.0,5
532007,2001,0,3,0.0,3
532007,2006,0,3,0.0,3
532007,2011,0,3,0.0,3
532007,2016,0,3,0.0,3
532008,2001,0,6,0.0,6
532008,2006,1,6,16.666666666666668,6
532008,2011,1,6,16.666666666666668,6
532008,2016,0,6,0.0,6
532009,2001,0,7,0.0,7
532009,2006,0,7,0.0,7
532009,2011,0,7,0.0,7
532009,2016,0,7,0.0,7
532010,2001,0,7,0.0,7
532010,2006,1,7,14.285714285714286,7
532010,2011,1,7,14.285714285714286,7
532010,2016,0,7,0.0,7
532011,2001,0,4,0.0,4
532011,2006,0,4,0.0,4
532011,2011,0,4,0.0,4
532011,2016,0,4,0.0,4
532012,2001,0,7,0.0,7
532012,2006,0,7,0.0,7
532012,2011,0,7,0.0,7
532012,2016,0,7,0.0,7
532013,2001,1,5,20.0,5
532013,2006,0,5,0.0,5
532013,2011,0,5,0.0,5
532013,2016,0,5,0.0,5
532014,2001,0,5,0.0,5
532014,2006,0,5,0.0,5
532014,2011,1,5,20.0,5
532014,2016,1,5,20.0,5
532015,2001,1,3,33.333333333333336,3
532015,2006,0,3,0.0,3
532015,2011,0,3,0.0,3
532015,2016,0,3,0.0,3
532016,2001,0,5,0.0,5
532016,2006,0,5,0.0,5
532016,2011,0,5,0.0,5
532016,2016,0,5,0.0,5
532017,2001,0,7,0.0,7
532017,2006,0,7,0.0,7
532017,2011,0,7,0.0,7
532017,2016,0,7,0.0,7
532018,2001,0,6,0.0,6
532018,2006,0,6,0.0,6
532018,2011,0,6,0.0,6
532018,2016,0,6,0.0,6
532019,2001,0,7,0.0,7
532019,2006,0,7,0.0,7
532019,2011,0,7,0.0,7
532019,2016,0,7,0.0,7
532020,2001,0,4,0.0,4
532020,2006,0,4,0.0,4
532020,2011,0,4,0.0,4
532020,2016,0,4,0.0,4
532021,2001,0,6,0.0,6
532021,2006,1,6,16.666666666666668,6
532021,2011,1,6,16.666666666666668,6
532021,2016,0,6,0.0,6
532022,2001,0,6,0.0,6
532022,2006,0,6,0.0,6
532022,2011,0,6,0.0,6
532022,2016,0,6,0.0,6
532023,2001,1,9,11.11111111111111,9
532023,2006,0,9,0.0,9
532023,2011,1,9,11.11111111111111,9
532023,2016,1,9,11.11111111111111,9
533001,2001,0,6,0.0,6
533001,2006,0,6,0.0,6
533001,2011,0,6,0.0,6
533001,2016,0,6,0.0,6
533002,2001,0,4,0.0,4
533002,2006,0,4,0.0,4
533002,2011,1,4,25.0,4
533002,2016,1,4,25.0,4
533003,2001,0,6,0.0,6
533003,2006,0,6,0.0,6
533003,2011,1,6,16.666666666666668,6
533003,2016,1,6,16.666666666666668,6
533004,2001,0,3,0.0,3
533004,2006,0,3,0.0,3
533004,2011,0,3,0.0,3
533004,2016,0,3,0.0,3
533005,2001,0,3,0.0,3
533005,2006,0,3,0.0,3
533005,2011,0,3,0.0,3
533005,2016,0,3,0.0,3
533006,2001,0,2,0.0,2
533006,2006,0,2,0.0,2
533006,2011,0,2,0.0,2
533006,2016,0,2,0.0,2
533007,2001,0,6,0.0,6
533007,2006,0,6,0.0,6
533007,2011,0,6,0.0,6
533007,2016,0,6,0.0,6
533008,2001,0,6,0.0,6
533008,2006,0,6,0.0,6
533008,2011,0,6,0.0,6
533008,2016,0,6,0.0,6
533009,2001,0,7,0.0,7
533009,2006,0,7,0.0,7
533009,2011,1,7,14.285714285714286,7
533009,2016,1,7,14.285714285714286,7
533010,2001,0,6,0.0,6
533010,2006,1,6,16.666666666666668,6
533010,2011,1,6,16.666666666666668,6
533010,2016,0,6,0.0,6
533011,2001,0,4,0.0,4
533011,2006,0,4,0.0,4
533011,2011,0,4,0.0,4
533011,2016,0,4,0.0,4
533012,2001,0,5,0.0,5
533012,2006,0,5,0.0,5
533012,2011,0,5,0.0,5
533012,2016,0,5,0.0,5
533013,2001,0,5,0.0,5
533013,2006,0,5,0.0,5
533013,2011,0,5,0.0,5
533013,2016,0,5,0.0,5
533014,2001,0,6,0.0,6
533014,2006,0,6,0.0,6
533014,2011,1,6,16.666666666666668,6
533014,2016,1,6,16.666666666666668,6
533015,2001,0,6,0.0,6
533015,2006,0,6,0.0,6
533015,2011,0,6,0.0,6
533015,2016,0,6,0.0,6
533016,2001,0,6,0.0,6
533016,2006,0,6,0.0,6
533016,2011,0,6,0.0,6
533016,2016,0,6,0.0,6
533017,2001,0,7,0.0,7
533017,2006,0,7,0.0,7
533017,2011,0,7,0.0,7
533017,2016,0,7,0.0,7
533018,2001,0,8,0.0,8
533018,2006,0,8,0.0,8
533018,2011,0,8,0.0,8
533018,2016,0,8,0.0,8
533019,2001,0,4,0.0,4
533019,2006,0,4,0.0,4
533019,2011,0,4,0.0,4
533019,2016,0,4,0.0,4
534001,2001,0,4,0.0,4
534001,2006,0,4,0.0,4
534001,2011,0,4,0.0,4
534001,2016,0,4,0.0,4
534002,2001,0,4,0.0,4
534002,2006,0,4,0.0,4
534002,2011,0,4,0.0,4
534002,2016,0,4,0.0,4
534003,2001,0,6,0.0,6
534003,2006,0,6,0.0,6
534003,2011,0,6,0.0,6
534003,2016,0,6,0.0,6
534004,2001,0,5,0.0,5
534004,2006,0,5,0.0,5
534004,2011,0,5,0.0,5
534004,2016,0,5,0.0,5
534005,2001,0,5,0.0,5
534005,2006,0,5,0.0,5
534005,2011,0,5,0.0,5
534005,2016,0,5,0.0,5
534006,2001,0,5,0.0,5
534006,2006,0,5,0.0,5
534006,2011,0,5,0.0,5
534006,2016,0,5,0.0,5
534007,2001,0,8,0.0,8
534007,2006,0,8,0.0,8
534007,2011,0,8,0.0,8
534007,2016,0,8,0.0,8
534008,2001,0,9,0.0,9
534008,2006,0,9,0.0,9
534008,2011,1,9,11.11111111111111,9
534008,2016,2,9,22.22222222222222,9
534009,2001,0,5,0.0,5
534009,2006,0,5,0.0,5
534009,2011,0,5,0.0,5
534009,2016,0,5,0.0,5
534010,2001,0,6,0.0,6
534010,2006,0,6,0.0,6
534010,2011,0,6,0.0,6
534010,2016,0,6,0.0,6
534011,2001,0,6,0.0,6
534011,2006,0,6,0.0,6
534011,2011,0,6,0.0,6
534011,2016,0,6,0.0,6
534012,2001,0,4,0.0,4
534012,2006,0,4,0.0,4
534012,2011,0,4,0.0,4
534012,2016,0,4,0.0,4
534013,2001,1,7,14.285714285714286,7
534013,2006,0,7,0.0,7
534013,2011,0,7,0.0,7
534013,2016,1,7,14.285714285714286,7
534014,2001,0,7,0.0,7
534014,2006,0,7,0.0,7
534014,2011,0,7,0.0,7
534014,2016,0,7,0.0,7
534015,2001,0,5,0.0,5
534015,2006,0,5,0.0,5
534015,2011,0,5,0.0,5
534015,2016,0,5,0.0,5
534016,2001,0,6,0.0,6
534016,2006,0,6,0.0,6
534016,2011,0,6,0.0,6
534016,2016,0,6,0.0,6
534017,2001,0,7,0.0,7
534017,2006,0,7,0.0,7
534017,2011,0,7,0.0,7
534017,2016,0,7,0.0,7
534018,2001,0,7,0.0,7
534018,2006,0,7,0.0,7
534018,2011,0,7,0.0,7
534018,2016,0,7,0.0,7
534019,2001,0,5,0.0,5
534019,2006,0,5,0.0,5
534019,2011,0,5,0.0,5
534019,2016,0,5,0.0,5
534020,2001,0,5,0.0,5
534020,2006,0,5,0.0,5
534020,2011,0,5,0.0,5
534020,2016,1,5,20.0,5
534021,2001,0,7,0.0,7
534021,2006,0,7,0.0,7
534021,2011,0,7,0.0,7
534021,2016,0,7,0.0,7
534022,2001,0,4,0.0,4
534022,2006,0,4,0.0,4
534022,2011,0,4,0.0,4
534022,2016,0,4,0.0,4
535001,2001,0,9,0.0,9
535001,2006,1,9,11.11111111111111,9
535001,2011,1,9,11.11111111111111,9
535001,2016,1,9,11.11111111111111,9
535002,2001,0,4,0.0,4
535002,2006,0,4,0.0,4
535002,2011,0,4,0.0,4
535002,2016,0,4,0.0,4
535003,2001,0,6,0.0,6
535003,2006,1,6,16.666666666666668,6
535003,2011,1,6,16.666666666666668,6
535003,2016,1,6,16.666666666666668,6
535004,2001,1,5,20.0,5
535004,2006,1,5,20.0,5
535004,2011,1,5,20.0,5
535004,2016,1,5,20.0,5
535005,2001,0,5,0.0,5
535005,2006,1,5,20.0,5
535005,2011,1,5,20.0,5
535005,2016,1,5,20.0,5
535006,2001,0,5,0.0,5
535006,2006,0,5,0.0,5
535006,2011,0,5,0.0,5
535006,2016,0,5,0.0,5
535007,2001,0,6,0.0,6
535007,2006,1,6,16.666666666666668,6
535007,2011,1,6,16.666666666666668,6
535007,2016,1,6,16.666666666666668,6
535008,2001,0,7,0.0,7
535008,2006,2,7,28.571428571428573,7
535008,2011,1,7,14.285714285714286,7
535008,2016,1,7,14.285714285714286,7
535009,2001,0,8,0.0,8
535009,2006,0,8,0.0,8
535009,2011,0,8,0.0,8
535009,2016,0,8,0.0,8
535010,2001,0,7,0.0,7
535010,2006,1,7,14.285714285714286,7
535010,2011,1,7,14.285714285714286,7
535010,2016,1,7,14.285714285714286,7
535011,2001,0,6,0.0,6
535011,2006,0,6,0.0,6
535011,2011,0,6,0.0,6
535011,2016,0,6,0.0,6
535012,2001,0,5,0.0,5
535012,2006,0,5,0.0,5
535012,2011,0,5,0.0,5
535012,2016,0,5,0.0,5
535013,2001,0,6,0.0,6
535013,2006,0,6,0.0,6
535013,2011,0,6,0.0,6
535013,2016,0,6,0.0,6
535014,2001,0,5,0.0,5
535014,2006,0,5,0.0,5
535014,2011,0,5,0.0,5
535014,2016,0,5,0.0,5
535015,2001,0,11,0.0,11
535015,2006,1,11,9.090909090909092,11
535015,2011,0,11,0.0,11
535015,2016,0,11,0.0,11
535016,2001,2,7,28.571428571428573,7
535016,2006,2,7,28.571428571428573,7
535016,2011,0,7,0.0,7
535016,2016,0,7,0.0,7
535017,2001,0,6,0.0,6
535017,2006,1,6,16.666666666666668,6
535017,2011,1,6,16.666666666666668,6
535017,2016,1,6,16.666666666666668,6
535018,2001,0,5,0.0,5
535018,2006,1,5,20.0,5
535018,2011,1,5,20.0,5
535018,2016,1,5,20.0,5
535019,2001,0,5,0.0,5
535019,2006,1,5,20.0,5
535019,2011,0,5,0.0,5
535019,2016,0,5,0.0,5
611000,2001,2,10,20.0,10
611000,2006,3,10,30.0,10
611000,2011,2,10,20.0,10
611000,2016,1,10,10.0,10
631001,2001,0,3,0.0,3
631001,2006,1,3,33.333333333333336,3
631001,2011,0,3,0.0,3
631001,2016,0,3,0.0,3
631002,2001,0,4,0.0,4
631002,2006,0,4,0.0,4
631002,2011,0,4,0.0,4
631002,2016,0,4,0.0,4
631003,2001,0,4,0.0,4
631003,2006,0,4,0.0,4
631003,2011,0,4,0.0,4
631003,2016,0,4,0.0,4
631004,2001,1,5,20.0,5
631004,2006,1,5,20.0,5
631004,2011,1,5,20.0,5
631004,2016,0,5,0.0,5
631005,2001,1,3,33.333333333333336,3
631005,2006,1,3,33.333333333333336,3
631005,2011,1,3,33.333333333333336,3
631005,2016,0,3,0.0,3
631006,2001,2,5,40.0,5
631006,2006,2,5,40.0,5
631006,2011,2,5,40.0,5
631006,2016,2,5,40.0,5
631007,2001,0,7,0.0,7
631007,2006,0,7,0.0,7
631007,2011,0,7,0.0,7
631007,2016,0,7,0.0,7
631008,2001,1,4,25.0,4
631008,2006,1,4,25.0,4
631008,2011,1,4,25.0,4
631008,2016,1,4,25.0,4
631009,2001,1,7,14.285714285714286,7
631009,2006,2,7,28.571428571428573,7
631009,2011,1,7,14.285714285714286,7
631009,2016,1,7,14.285714285714286,7
631010,2001,1,3,33.333333333333336,3
631010,2006,1,3,33.333333333333336,3
631010,2011,1,3,33.333333333333336,3
631010,2016,1,3,33.333333333333336,3
631011,2001,1,7,14.285714285714286,7
631011,2006,1,7,14.285714285714286,7
631011,2011,1,7,14.285714285714286,7
631011,2016,1,7,14.285714285714286,7
631012,2001,0,4,0.0,4
631012,2006,0,4,0.0,4
631012,2011,0,4,0.0,4
631012,2016,0,4,0.0,4
631013,2001,0,7,0.0,7
631013,2006,0,7,0.0,7
631013,2011,0,7,0.0,7
631013,2016,1,7,14.285714285714286,7
631014,2001,1,5,20.0,5
631014,2006,2,5,40.0,5
631014,2011,1,5,20.0,5
631014,2016,1,5,20.0,5
631015,2001,0,8,0.0,8
631015,2006,0,8,0.0,8
631015,2011,0,8,0.0,8
631015,2016,1,8,12.5,8
631016,2001,2,6,33.333333333333336,6
631016,2006,2,6,33.333333333333336,6
631016,2011,2,6,33.333333333333336,6
631016,2016,2,6,33.333333333333336,6
631017,2001,1,6,16.666666666666668,6
631017,2006,1,6,16.666666666666668,6
631017,2011,1,6,16.666666666666668,6
631017,2016,1,6,16.666666666666668,6
631018,2001,0,8,0.0,8
631018,2006,1,8,12.5,8
631018,2011,0,8,0.0,8
631018,2016,0,8,0.0,8
631019,2001,0,3,0.0,3
631019,2006,0,3,0.0,3
631019,2011,0,3,0.0,3
631019,2016,0,3,0.0,3
631020,2001,0,5,0.0,5
631020,2006,0,5,0.0,5
631020,2011,0,5,0.0,5
631020,2016,0,5,0.0,5
631021,2001,2,7,28.571428571428573,7
631021,2006,2,7,28.571428571428573,7
631021,2011,2,7,28.571428571428573,7
631021,2016,1,7,14.285714285714286,7
631022,2001,0,3,0.0,3
631022,2006,0,3,0.0,3
631022,2011,0,3,0.0,3
631022,2016,1,3,33.333333333333336,3
631023,2001,0,2,0.0,2
631023,2006,0,2,0.0,2
631023,2011,0,2,0.0,2
631023,2016,0,2,0.0,2
632001,2001,0,5,0.0,5
632001,2006,0,5,0.0,5
632001,2011,0,5,0.0,5
632001,2016,0,5,0.0,5
632002,2001,0,7,0.0,7
632002,2006,0,7,0.0,7
632002,2011,0,7,0.0,7
632002,2016,0,7,0.0,7
632003,2001,0,5,0.0,5
632003,2006,0,5,0.0,5
632003,2011,0,5,0.0,5
632003,2016,0,5,0.0,5
632004,2001,0,7,0.0,7
632004,2006,0,7,0.0,7
632004,2011,0,7,0.0,7
632004,2016,0,7,0.0,7
632005,2001,0,5,0.0,5
632005,2006,0,5,0.0,5
632005,2011,0,5,0.0,5
632005,2016,0,5,0.0,5
632006,2001,0,8,0.0,8
632006,2006,0,8,0.0,8
632006,2011,0,8,0.0,8
632006,2016,0,8,0.0,8
632007,2001,0,5,0.0,5
632007,2006,0,5,0.0,5
632007,2011,0,5,0.0,5
632007,2016,0,5,0.0,5
632008,2001,0,5,0.0,5
632008,2006,0,5,0.0,5
632008,2011,0,5,0.0,5
632008,2016,0,5,0.0,5
632009,2001,0,3,0.0,3
632009,2006,0,3,0.0,3
632009,2011,0,3,0.0,3
632009,2016,0,3,0.0,3
632010,2001,0,4,0.0,4
632010,2006,0,4,0.0,4
632010,2011,0,4,0.0,4
632010,2016,0,4,0.0,4
632011,2001,0,5,0.0,5
632011,2006,0,5,0.0,5
632011,2011,0,5,0.0,5
632011,2016,0,5,0.0,5
632012,2001,0,8,0.0,8
632012,2006,0,8,0.0,8
632012,2011,0,8,0.0,8
632012,2016,0,8,0.0,8
632013,2001,0,5,0.0,5
632013,2006,0,5,0.0,5
632013,2011,0,5,0.0,5
632013,2016,0,5,0.0,5
632014,2001,0,6,0.0,6
632014,2006,0,6,0.0,6
632014,2011,0,6,0.0,6
632014,2016,0,6,0.0,6
632015,2001,0,6,0.0,6
632015,2006,0,6,0.0,6
632015,2011,0,6,0.0,6
632015,2016,0,6,0.0,6
632016,2001,0,3,0.0,3
632016,2006,0,3,0.0,3
632016,2011,0,3,0.0,3
632016,2016,0,3,0.0,3
632017,2001,0,5,0.0,5
632017,2006,0,5,0.0,5
632017,2011,0,5,0.0,5
632017,2016,0,5,0.0,5
632018,2001,0,6,0.0,6
632018,2006,0,6,0.0,6
632018,2011,0,6,0.0,6
632018,2016,0,6,0.0,6
632019,2001,0,5,0.0,5
632019,2006,0,5,0.0,5
632019,2011,0,5,0.0,5
632019,2016,0,5,0.0,5
632020,2001,0,5,0.0,5
632020,2006,0,5,0.0,5
632020,2011,0,5,0.0,5
632020,2016,0,5,0.0,5
633001,2001,0,5,0.0,5
633001,2006,0,5,0.0,5
633001,2011,0,5,0.0,5
633001,2016,0,5,0.0,5
633002,2001,0,2,0.0,1
633002,2006,0,2,0.0,1
633002,2011,0,2,0.0,1
633002,2016,0,2,0.0,1
633003,2001,0,5,0.0,5
633003,2006,1,5,20.0,5
633003,2011,1,5,20.0,5
633003,2016,1,5,20.0,5
633004,2001,0,5,0.0,5
633004,2006,0,5,0.0,5
633004,2011,0,5,0.0,5
633004,2016,0,5,0.0,5
633005,2001,1,6,16.666666666666668,6
633005,2006,1,6,16.666666666666668,6
633005,2011,0,6,0.0,6
633005,2016,0,6,0.0,6
633006,2001,0,5,0.0,5
633006,2006,1,5,20.0,5
633006,2011,1,5,20.0,5
633006,2016,1,5,20.0,5
633007,2001,1,5,20.0,5
633007,2006,1,5,20.0,5
633007,2011,1,5,20.0,5
633007,2016,0,5,0.0,5
633008,2001,0,5,0.0,5
633008,2006,0,5,0.0,5
633008,2011,0,5,0.0,5
633008,2016,0,5,0.0,5
633009,2001,0,5,0.0,4
633009,2006,0,5,0.0,4
633009,2011,0,5,0.0,4
633009,2016,0,5,0.0,4
633010,2001,0,6,0.0,5
633010,2006,0,6,0.0,5
633010,2011,0,6,0.0,5
633010,2016,0,6,0.0,5
633011,2001,1,5,20.0,5
633011,2006,2,5,40.0,5
633011,2011,1,5,20.0,5
633011,2016,1,5,20.0,5
633012,2001,0,5,0.0,4
633012,2006,0,5,0.0,4
633012,2011,0,5,0.0,4
633012,2016,0,5,0.0,4
633013,2001,0,4,0.0,3
633013,2006,0,4,0.0,3
633013,2011,0,4,0.0,3
633013,2016,0,4,0.0,3
633014,2001,1,4,25.0,3
633014,2006,1,4,25.0,3
633014,2011,1,4,25.0,3
633014,2016,0,4,0.0,3
633015,2001,0,7,0.0,6
633015,2006,0,7,0.0,6
633015,2011,0,7,0.0,6
633015,2016,0,7,0.0,6
633016,2001,0,5,0.0,5
633016,2006,0,5,0.0,5
633016,2011,0,5,0.0,5
633016,2016,0,5,0.0,5
633017,2001,0,4,0.0,4
633017,2006,0,4,0.0,4
633017,2011,0,4,0.0,4
633017,2016,0,4,0.0,4
633018,2001,0,5,0.0,5
633018,2006,0,5,0.0,5
633018,2011,0,5,0.0,5
633018,2016,0,5,0.0,5
633019,2001,0,3,0.0,2
633019,2006,0,3,0.0,2
633019,2011,0,3,0.0,2
633019,2016,0,3,0.0,2
633020,2001,0,3,0.0,3
633020,2006,0,3,0.0,3
633020,2011,0,3,0.0,3
633020,2016,0,3,0.0,3
633022,2001,0,1,0.0,0
633022,2006,0,1,0.0,0
633022,2011,0,1,0.0,0
633022,2016,0,1,0.0,0
633023,2001,0,9,0.0,9
633023,2006,0,9,0.0,9
633023,2011,0,9,0.0,9
633023,2016,0,9,0.0,9
633024,2001,0,8,0.0,8
633024,2006,0,8,0.0,8
633024,2011,0,8,0.0,8
633024,2016,0,8,0.0,8
633025,2001,0,4,0.0,3
633025,2006,0,4,0.0,3
633025,2011,0,4,0.0,3
633025,2016,0,4,0.0,3
633026,2001,2,4,50.0,4
633026,2006,2,4,50.0,4
633026,2011,1,4,25.0,4
633026,2016,0,4,0.0,4
633028,2001,0,9,0.0,9
633028,2006,1,9,11.11111111111111,9
633028,2011,1,9,11.11111111111111,9
633028,2016,1,9,11.11111111111111,9
633029,2001,1,6,16.666666666666668,6
633029,2006,2,6,33.333333333333336,6
633029,2011,1,6,16.666666666666668,6
633029,2016,1,6,16.666666666666668,6
633030,2001,0,1,0.0,0
633030,2006,0,1,0.0,0
633030,2011,0,1,0.0,0
633030,2016,0,1,0.0,0
633200,2001,1,8,12.5,7
633200,2006,1,8,12.5,7
633200,2011,1,8,12.5,7
633200,2016,0,8,0.0,7
634001,2001,0,6,0.0,6
634001,2006,0,6,0.0,6
634001,2011,0,6,0.0,6
634001,2016,0,6,0.0,6
634002,2001,0,5,0.0,5
634002,2006,1,5,20.0,5
634002,2011,1,5,20.0,5
634002,2016,1,5,20.0,5
634003,2001,0,9,0.0,9
634003,2006,0,9,0.0,9
634003,2011,0,9,0.0,9
634003,2016,0,9,0.0,9
634004,2001,0,7,0.0,7
634004,2006,0,7,0.0,7
634004,2011,0,7,0.0,7
634004,2016,0,7,0.0,7
634005,2001,0,10,0.0,10
634005,2006,0,10,0.0,10
634005,2011,0,10,0.0,10
634005,2016,0,10,0.0,10
634006,2001,0,8,0.0,8
634006,2006,0,8,0.0,8
634006,2011,0,8,0.0,8
634006,2016,0,8,0.0,8
634007,2001,0,5,0.0,5
634007,2006,1,5,20.0,5
634007,2011,1,5,20.0,5
634007,2016,1,5,20.0,5
634008,2001,0,6,0.0,6
634008,2006,0,6,0.0,6
634008,2011,0,6,0.0,6
634008,2016,0,6,0.0,6
634009,2001,0,7,0.0,7
634009,2006,0,7,0.0,7
634009,2011,0,7,0.0,7
634009,2016,0,7,0.0,7
634010,2001,0,5,0.0,5
634010,2006,0,5,0.0,5
634010,2011,0,5,0.0,5
634010,2016,0,5,0.0,5
634011,2001,0,7,0.0,7
634011,2006,0,7,0.0,7
634011,2011,0,7,0.0,7
634011,2016,0,7,0.0,7
634012,2001,0,4,0.0,4
634012,2006,0,4,0.0,4
634012,2011,0,4,0.0,4
634012,2016,0,4,0.0,4
634013,2001,0,5,0.0,5
634013,2006,0,5,0.0,5
634013,2011,0,5,0.0,5
634013,2016,0,5,0.0,5
634014,2001,0,7,0.0,7
634014,2006,0,7,0.0,7
634014,2011,0,7,0.0,7
634014,2016,0,7,0.0,7
634015,2001,0,5,0.0,5
634015,2006,0,5,0.0,5
634015,2011,0,5,0.0,5
634015,2016,0,5,0.0,5
634016,2001,0,5,0.0,5
634016,2006,0,5,0.0,5
634016,2011,0,5,0.0,5
634016,2016,0,5,0.0,5
634017,2001,0,6,0.0,6
634017,2006,0,6,0.0,6
634017,2011,0,6,0.0,6
634017,2016,0,6,0.0,6
634018,2001,0,4,0.0,4
634018,2006,1,4,25.0,4
634018,2011,1,4,25.0,4
634018,2016,1,4,25.0,4
634019,2001,0,6,0.0,6
634019,2006,0,6,0.0,6
634019,2011,0,6,0.0,6
634019,2016,0,6,0.0,6
634020,2001,0,5,0.0,5
634020,2006,0,5,0.0,5
634020,2011,0,5,0.0,5
634020,2016,0,5,0.0,5
634021,2001,0,4,0.0,4
634021,2006,0,4,0.0,4
634021,2011,0,4,0.0,4
634021,2016,0,4,0.0,4
634022,2001,0,6,0.0,6
634022,2006,0,6,0.0,6
634022,2011,0,6,0.0,6
634022,2016,0,6,0.0,6
634023,2001,0,6,0.0,6
634023,2006,0,6,0.0,6
634023,2011,0,6,0.0,6
634023,2016,0,6,0.0,6
634024,2001,0,6,0.0,6
634024,2006,0,6,0.0,6
634024,2011,0,6,0.0,6
634024,2016,0,6,0.0,6
634025,2001,0,4,0.0,4
634025,2006,0,4,0.0,4
634025,2011,0,4,0.0,4
634025,2016,0,4,0.0,4
634026,2001,0,7,0.0,7
634026,2006,0,7,0.0,7
634026,2011,0,7,0.0,7
634026,2016,0,7,0.0,7
634027,2001,0,6,0.0,6
634027,2006,0,6,0.0,6
634027,2011,0,6,0.0,6
634027,2016,0,6,0.0,6
635001,2001,0,3,0.0,3
635001,2006,0,3,0.0,3
635001,2011,0,3,0.0,3
635001,2016,0,3,0.0,3
635002,2001,0,6,0.0,6
635002,2006,0,6,0.0,6
635002,2011,0,6,0.0,6
635002,2016,0,6,0.0,6
635003,2001,0,5,0.0,5
635003,2006,0,5,0.0,5
635003,2011,0,5,0.0,5
635003,2016,0,5,0.0,5
635004,2001,0,4,0.0,4
635004,2006,0,4,0.0,4
635004,2011,0,4,0.0,4
635004,2016,0,4,0.0,4
635006,2001,0,7,0.0,7
635006,2006,0,7,0.0,7
635006,2011,0,7,0.0,7
635006,2016,0,7,0.0,7
635007,2001,0,4,0.0,4
635007,2006,0,4,0.0,4
635007,2011,0,4,0.0,4
635007,2016,0,4,0.0,4
635008,2001,0,2,0.0,2
635008,2006,0,2,0.0,2
635008,2011,0,2,0.0,2
635008,2016,0,2,0.0,2
635009,2001,0,6,0.0,6
635009,2006,0,6,0.0,6
635009,2011,0,6,0.0,6
635009,2016,0,6,0.0,6
635010,2001,0,5,0.0,5
635010,2006,0,5,0.0,5
635010,2011,0,5,0.0,5
635010,2016,0,5,0.0,5
635011,2001,0,6,0.0,6
635011,2006,0,6,0.0,6
635011,2011,0,6,0.0,6
635011,2016,0,6,0.0,6
635012,2001,0,5,0.0,5
635012,2006,0,5,0.0,5
635012,2011,0,5,0.0,5
635012,2016,0,5,0.0,5
635013,2001,0,8,0.0,8
635013,2006,0,8,0.0,8
635013,2011,0,8,0.0,8
635013,2016,0,8,0.0,8
635014,2001,0,2,0.0,2
635014,2006,0,2,0.0,2
635014,2011,0,2,0.0,2
635014,2016,0,2,0.0,2
635015,2001,0,6,0.0,6
635015,2006,0,6,0.0,6
635015,2011,0,6,0.0,6
635015,2016,0,6,0.0,6
635016,2001,0,3,0.0,3
635016,2006,0,3,0.0,3
635016,2011,0,3,0.0,3
635016,2016,0,3,0.0,3
635017,2001,0,6,0.0,6
635017,2006,0,6,0.0,6
635017,2011,0,6,0.0,6
635017,2016,0,6,0.0,6
635018,2001,0,4,0.0,4
635018,2006,0,4,0.0,4
635018,2011,0,4,0.0,4
635018,2016,0,4,0.0,4
635019,2001,0,6,0.0,6
635019,2006,0,6,0.0,6
635019,2011,0,6,0.0,6
635019,2016,0,6,0.0,6
635020,2001,0,4,0.0,4
635020,2006,0,4,0.0,4
635020,2011,0,4,0.0,4
635020,2016,0,4,0.0,4
635021,2001,0,7,0.0,7
635021,2006,0,7,0.0,7
635021,2011,0,7,0.0,7
635021,2016,0,7,0.0,7
635022,2001,0,2,0.0,2
635022,2006,0,2,0.0,2
635022,2011,0,2,0.0,2
635022,2016,0,2,0.0,2
636001,2001,0,5,0.0,5
636001,2006,1,5,20.0,5
636001,2011,1,5,20.0,5
636001,2016,1,5,20.0,5
636002,2001,0,5,0.0,5
636002,2006,0,5,0.0,5
636002,2011,0,5,0.0,5
636002,2016,0,5,0.0,5
636003,2001,0,7,0.0,7
636003,2006,0,7,0.0,7
636003,2011,0,7,0.0,7
636003,2016,0,7,0.0,7
636004,2001,0,6,0.0,5
636004,2006,1,6,16.666666666666668,5
636004,2011,1,6,16.666666666666668,5
636004,2016,1,6,16.666666666666668,5
636005,2001,0,2,0.0,2
636005,2006,0,2,0.0,2
636005,2011,0,2,0.0,2
636005,2016,0,2,0.0,2
636006,2001,0,8,0.0,8
636006,2006,0,8,0.0,8
636006,2011,0,8,0.0,8
636006,2016,0,8,0.0,8
636007,2001,0,3,0.0,3
636007,2006,0,3,0.0,3
636007,2011,0,3,0.0,3
636007,2016,0,3,0.0,3
636008,2001,0,5,0.0,5
636008,2006,0,5,0.0,5
636008,2011,0,5,0.0,5
636008,2016,0,5,0.0,5
636009,2001,0,1,0.0,1
636009,2006,1,1,100.0,1
636009,2011,1,1,100.0,1
636009,2016,1,1,100.0,1
636010,2001,0,4,0.0,4
636010,2006,0,4,0.0,4
636010,2011,0,4,0.0,4
636010,2016,0,4,0.0,4
636011,2001,0,7,0.0,7
636011,2006,0,7,0.0,7
636011,2011,0,7,0.0,7
636011,2016,0,7,0.0,7
636012,2001,0,7,0.0,7
636012,2006,0,7,0.0,7
636012,2011,0,7,0.0,7
636012,2016,0,7,0.0,7
636013,2001,0,2,0.0,2
636013,2006,0,2,0.0,2
636013,2011,0,2,0.0,2
636013,2016,0,2,0.0,2
636014,2001,0,6,0.0,6
636014,2006,0,6,0.0,6
636014,2011,0,6,0.0,6
636014,2016,0,6,0.0,6
636015,2001,0,3,0.0,3
636015,2006,0,3,0.0,3
636015,2011,0,3,0.0,3
636015,2016,0,3,0.0,3
636016,2001,0,4,0.0,3
636016,2006,0,4,0.0,3
636016,2011,0,4,0.0,3
636016,2016,1,4,25.0,3
636200,2001,0,5,0.0,5
636200,2006,1,5,20.0,5
636200,2011,1,5,20.0,5
636200,2016,1,5,20.0,5
