gkz,neighbor_gkz
411000,432006
411000,432008
411000,432011
411000,432012
411000,432014
411000,432016
411000,432018
411000,432020
411000,432022
411000,432023
411000,438003
411000,438006
412000,413000
412000,433007
412000,433008
412000,433010
412000,433012
412000,434001
412000,434008
412000,434010
412000,435019
412000,435022
412000,436003
412000,436005
412000,436007
412000,436008
412000,436009
412000,436010
412000,436011
412000,436012
412000,438009
412000,440003
412000,440012
413000,412000
413000,435019
413000,438002
413000,438005
413000,438008
413000,438009
413000,438010
414000,433005
414000,436002
414000,436006
414000,436007
414000,439003
414000,439011
414000,439014
414000,439015
414000,439017
431001,431004
431001,431008
431001,431017
431001,431021
431002,431006
431002,431011
431002,431014
431002,431016
431002,431022
431002,432001
431002,432022
431002,433004
431003,431005
431003,431006
431003,431010
431003,431013
431004,431001
431004,431008
431004,431017
431005,431003
431005,431006
431005,431013
431005,431016
431006,431002
431006,431003
431006,431005
431006,431010
431006,431016
431006,433004
431007,431009
431007,431011
431007,431014
431007,431015
431007,431019
431007,437012
431007,437013
431008,431001
431008,431004
431009,431007
431009,431019
431009,431021
431009,437012
431010,431003
431010,431006
431010,433004
431011,431002
431011,431007
431011,431014
431011,431016
431011,431017
431011,431019
431012,431018
431012,431200
431012,437016
431013,431003
431013,431005
431013,431016
431013,431020
431014,431002
431014,431007
431014,431011
431014,431015
431014,432013
431014,432022
431015,431007
431015,431014
431015,432007
431015,432013
431015,437007
431015,437013
431016,431002
431016,431005
431016,431006
431016,431011
431016,431013
431017,431001
431017,431004
431017,431011
431017,431019
431017,431021
431018,431012
431018,431200
431019,431007
431019,431009
431019,431011
431019,431017
431019,431021
431020,431013
431021,431001
431021,431009
431021,431017
431021,431019
431021,437012
431021,437016
431022,431002
431022,432001
431200,431012
431200,431018
432001,431002
432001,431022
432001,432003
432001,432022
432001,433004
432002,432005
432002,432010
432002,432015
432002,432021
432002,438007
432002,438011
432002,438013
432003,432001
432003,432018
432003,432022
432003,433004
432004,432010
432004,432011
432004,432012
432004,432015
432005,432002
432005,432012
432005,432015
432005,438011
432005,438012
432006,411000
432006,432023
432006,433008
432006,438003
432007,431015
432007,432009
432007,432013
432007,437007
432008,411000
432008,432018
432008,432023
432008,433003
432008,433006
432008,433011
432009,432007
432009,432013
432009,432016
432009,432019
432009,437003
432009,437007
432010,432002
432010,432004
432010,432011
432010,432015
432010,432017
432010,432021
432010,437004
432010,437009
432011,411000
432011,432004
432011,432010
432011,432012
432011,432017
432011,432019
432011,432020
432012,411000
432012,432004
432012,432005
432012,432011
432012,432015
432012,438002
432012,438012
432013,431014
432013,431015
432013,432007
432013,432009
432013,432014
432013,432016
432013,432022
432014,411000
432014,432013
432014,432016
432014,432022
432015,432002
432015,432004
432015,432005
432015,432010
432015,432012
432016,411000
432016,432009
432016,432013
432016,432014
432016,432019
432016,432020
432017,432010
432017,432011
432017,432019
432017,437003
432017,437009
432018,411000
432018,432003
432018,432008
432018,432022
432018,433004
432018,433011
432019,432009
432019,432011
432019,432016
432019,432017
432019,432020
432019,437003
432020,411000
432020,432011
432020,432016
432020,432019
432021,432002
432021,432010
432022,411000
432022,431002
432022,431014
432022,432001
432022,432003
432022,432013
432022,432014
432022,432018
432023,411000
432023,432006
432023,432008
432023,433003
432023,433008
433001,433004
433001,433011
433001,433013
433002,433005
433002,433012
433002,436006
433003,432008
433003,432023
433003,433006
433003,433008
433004,431002
433004,431006
433004,431010
433004,432001
433004,432003
433004,432018
433004,433001
433004,433011
433005,414000
433005,433002
433005,433012
433005,433014
433005,436006
433006,432008
433006,433003
433006,433008
433006,433009
433006,433011
433006,433014
433007,412000
433007,433010
433007,436005
433008,412000
433008,432006
433008,432023
433008,433003
433008,433006
433008,433009
433008,433012
433008,438003
433008,438006
433008,438009
433009,433006
433009,433008
433009,433012
433009,433014
433010,412000
433010,433007
433010,433012
433010,436004
433010,436005
433011,432008
433011,432018
433011,433001
433011,433004
433011,433006
433011,433013
433011,433014
433012,412000
433012,433002
433012,433005
433012,433008
433012,433009
433012,433010
433012,433014
433012,436004
433012,436006
433013,433001
433013,433011
433014,433005
433014,433006
433014,433009
433014,433011
433014,433012
434001,412000
434001,434002
434001,434007
434001,434008
434001,434012
434001,440012
434001,440023
434002,434001
434002,434012
434002,440023
434003,434005
434003,434009
434003,436002
434003,436008
434003,439008
434003,439016
434004,434011
434004,434013
434004,440005
434004,532022
434004,533018
434005,434003
434005,434006
434005,434008
434005,434009
434005,436001
434005,436008
434005,436011
434006,434005
434006,434008
434006,434010
434006,436003
434006,436011
434007,434001
434007,434009
434007,434011
434007,434012
434008,412000
434008,434001
434008,434005
434008,434006
434008,434009
434008,434010
434009,434003
434009,434005
434009,434007
434009,434008
434009,434011
434009,434013
434009,439016
434010,412000
434010,434006
434010,434008
434010,436003
434011,434004
434011,434007
434011,434009
434011,434012
434011,434013
434011,440005
434011,440018
434012,434001
434012,434002
434012,434007
434012,434011
434012,440008
434012,440018
434012,440023
434013,434004
434013,434009
434013,434011
434013,439016
434013,533003
434013,533014
434013,533018
435001,435002
435001,435003
435001,435016
435001,435029
435001,435200
435002,435001
435002,435004
435002,435005
435002,435016
435002,435028
435002,435029
435002,435200
435003,435001
435003,435008
435003,435010
435003,435016
435003,435018
435003,435029
435004,435002
435004,435005
435004,435028
435004,440009
435004,440013
435004,535004
435004,535007
435005,435002
435005,435004
435005,435029
435005,440013
435006,435007
435006,435013
435006,435014
435006,435020
435006,435021
435006,435026
435007,435006
435007,435014
435007,435017
435007,435020
435007,435023
435008,435003
435008,435016
435009,435015
435009,435018
435009,435023
435010,435003
435010,435012
435010,435015
435010,435018
435010,435029
435011,435014
435011,438004
435012,435010
435012,435015
435012,435017
435012,435024
435012,435029
435012,440004
435013,435006
435013,435020
435013,435021
435013,435024
435013,440004
435013,440014
435014,435006
435014,435007
435014,435011
435014,435019
435014,435023
435014,435026
435014,438004
435014,438008
435014,438010
435015,435009
435015,435010
435015,435012
435015,435017
435015,435018
435015,435023
435016,435001
435016,435002
435016,435003
435016,435008
435016,435200
435017,435007
435017,435012
435017,435015
435017,435020
435017,435023
435017,435024
435018,435003
435018,435009
435018,435010
435018,435015
435019,412000
435019,413000
435019,435014
435019,435022
435019,435026
435019,438008
435020,435006
435020,435007
435020,435013
435020,435017
435020,435024
435021,435006
435021,435013
435021,435026
435021,440001
435021,440014
435021,440017
435022,412000
435022,435019
435022,435026
435022,440003
435022,440012
435023,435007
435023,435009
435023,435014
435023,435015
435023,435017
435024,435012
435024,435013
435024,435017
435024,435020
435024,440004
435025,435027
435025,435028
435025,435200
435025,631008
435025,631016
435026,435006
435026,435014
435026,435019
435026,435021
435026,435022
435026,440012
435026,440017
435027,435025
435027,435200
435027,631016
435028,435002
435028,435004
435028,435025
435028,435200
435028,535004
435028,631008
435028,631018
435029,435001
435029,435002
435029,435003
435029,435005
435029,435010
435029,435012
435029,440004
435029,440013
435200,435001
435200,435002
435200,435016
435200,435025
435200,435027
435200,435028
436001,434005
436001,436008
436001,436010
436001,436011
436001,436012
436002,414000
436002,434003
436002,436007
436002,436008
436002,439008
436002,439011
436003,412000
436003,434006
436003,434010
436003,436011
436004,433010
436004,433012
436004,436005
436004,436006
436004,436007
436005,412000
436005,433007
436005,433010
436005,436004
436005,436007
436005,436009
436006,414000
436006,433002
436006,433005
436006,433012
436006,436004
436006,436007
436007,412000
436007,414000
436007,436002
436007,436004
436007,436005
436007,436006
436007,436008
436007,436009
436008,412000
436008,434003
436008,434005
436008,436001
436008,436002
436008,436007
436008,436010
436009,412000
436009,436005
436009,436007
436010,412000
436010,436001
436010,436008
436010,436012
436011,412000
436011,434005
436011,434006
436011,436001
436011,436003
436011,436012
436012,412000
436012,436001
436012,436010
436012,436011
437001,437003
437001,437005
437001,437009
437001,437010
437001,437011
437003,432009
437003,432017
437003,432019
437003,437001
437003,437005
437003,437007
437003,437009
437003,437013
437004,432010
437004,437009
437004,437010
437005,437001
437005,437003
437005,437011
437005,437013
437006,437011
437006,437012
437006,437016
437007,431015
437007,432007
437007,432009
437007,437003
437007,437013
437009,432010
437009,432017
437009,437001
437009,437003
437009,437004
437009,437010
437010,437001
437010,437004
437010,437009
437010,437011
437011,437001
437011,437005
437011,437006
437011,437010
437011,437012
437011,437013
437012,431007
437012,431009
437012,431021
437012,437006
437012,437011
437012,437013
437012,437016
437013,431007
437013,431015
437013,437003
437013,437005
437013,437007
437013,437011
437013,437012
437016,431012
437016,431021
437016,437006
437016,437012
438001,438002
438001,438005
438001,438011
438001,438012
438002,413000
438002,432012
438002,438001
438002,438005
438002,438006
438002,438009
438002,438012
438003,411000
438003,432006
438003,433008
438003,438006
438004,435011
438004,435014
438004,438010
438004,438011
438004,438013
438005,413000
438005,438001
438005,438002
438005,438010
438005,438011
438006,411000
438006,433008
438006,438002
438006,438003
438006,438009
438007,432002
438007,438013
438008,413000
438008,435014
438008,435019
438008,438010
438009,412000
438009,413000
438009,433008
438009,438002
438009,438006
438010,413000
438010,435014
438010,438004
438010,438005
438010,438008
438010,438011
438011,432002
438011,432005
438011,438001
438011,438004
438011,438005
438011,438010
438011,438012
438011,438013
438012,432005
438012,432012
438012,438001
438012,438002
438012,438011
438013,432002
438013,438004
438013,438007
438013,438011
439001,439005
439001,439006
439001,439007
439001,533008
439002,439005
439002,439006
439002,439014
439002,439015
439003,414000
439003,439009
439003,439012
439003,439014
439003,439017
439004,439010
439004,439012
439004,439013
439005,439001
439005,439002
439005,439006
439005,439012
439005,439014
439006,439001
439006,439002
439006,439005
439006,439007
439006,439015
439007,439001
439007,439006
439007,439008
439007,439015
439007,533003
439007,533008
439008,434003
439008,436002
439008,439007
439008,439011
439008,439015
439008,439016
439008,533003
439009,439003
439009,439014
439010,439004
439010,439012
439010,439013
439011,414000
439011,436002
439011,439008
439011,439015
439012,439003
439012,439004
439012,439005
439012,439010
439012,439014
439013,439004
439013,439010
439014,414000
439014,439002
439014,439003
439014,439005
439014,439009
439014,439012
439014,439015
439015,414000
439015,439002
439015,439006
439015,439007
439015,439008
439015,439011
439015,439014
439016,434003
439016,434009
439016,434013
439016,439008
439016,533003
439017,414000
439017,439003
440001,435021
440001,440004
440001,440007
440001,440010
440001,440014
440001,440017
440002,440008
440002,440018
440002,440022
440002,440024
440003,412000
440003,435022
440003,440012
440004,435012
440004,435013
440004,435024
440004,435029
440004,440001
440004,440010
440004,440013
440004,440014
440004,440019
440005,434004
440005,434011
440005,440015
440005,440018
440005,440022
440005,531009
440005,532022
440006,440016
440006,440020
440006,440021
440006,440024
440007,440001
440007,440008
440007,440010
440007,440017
440007,440020
440007,440021
440008,434012
440008,440002
440008,440007
440008,440017
440008,440018
440008,440021
440008,440023
440008,440024
440008,440025
440009,435004
440009,440011
440009,440013
440009,440019
440009,535007
440009,535016
440010,440001
440010,440004
440010,440007
440010,440019
440010,440020
440011,440009
440011,440016
440011,440019
440011,535016
440012,412000
440012,434001
440012,435022
440012,435026
440012,440003
440012,440017
440012,440023
440012,440025
440013,435004
440013,435005
440013,435029
440013,440004
440013,440009
440013,440019
440014,435013
440014,435021
440014,440001
440014,440004
440015,440005
440015,440022
440015,440024
440015,531008
440015,531009
440015,531011
440015,531014
440016,440006
440016,440011
440016,440019
440016,440020
440016,440024
440016,531008
440016,531010
440016,535016
440017,435021
440017,435026
440017,440001
440017,440007
440017,440008
440017,440012
440017,440025
440018,434011
440018,434012
440018,440002
440018,440005
440018,440008
440018,440022
440019,440004
440019,440009
440019,440010
440019,440011
440019,440013
440019,440016
440019,440020
440020,440006
440020,440007
440020,440010
440020,440016
440020,440019
440020,440021
440021,440006
440021,440007
440021,440008
440021,440020
440021,440024
440022,440002
440022,440005
440022,440015
440022,440018
440022,440024
440023,434001
440023,434002
440023,434012
440023,440008
440023,440012
440023,440025
440024,440002
440024,440006
440024,440008
440024,440015
440024,440016
440024,440021
440024,440022
440024,531008
440025,440008
440025,440012
440025,440017
440025,440023
531001,531003
531001,531015
531001,531017
531001,534008
531002,531007
531002,531018
531002,532002
531002,532013
531002,532015
531002,532023
531002,534013
531003,531001
531003,531004
531003,531005
531003,531015
531003,531016
531003,531017
531004,531003
531004,531005
531004,531011
531004,531014
531004,531016
531005,531003
531005,531004
531005,531007
531005,531012
531005,531013
531005,531014
531005,531017
531005,531018
531005,532014
531005,532023
531006,531010
531006,531015
531006,531016
531006,535009
531006,535013
531007,531002
531007,531005
531007,531018
531007,532015
531007,532023
531008,440015
531008,440016
531008,440024
531008,531010
531008,531011
531009,440005
531009,440015
531009,531012
531009,531014
531009,532014
531009,532018
531009,532022
531010,440016
531010,531006
531010,531008
531010,531011
531010,531016
531010,535013
531010,535016
531010,535018
531011,440015
531011,531004
531011,531008
531011,531010
531011,531014
531011,531016
531012,531005
531012,531009
531012,531014
531012,532014
531013,531005
531013,531017
531013,531018
531013,534009
531013,534013
531014,440015
531014,531004
531014,531005
531014,531009
531014,531011
531014,531012
531015,531001
531015,531003
531015,531006
531015,531016
531015,534008
531015,535009
531016,531003
531016,531004
531016,531006
531016,531010
531016,531011
531016,531015
531017,531001
531017,531003
531017,531005
531017,531013
531017,534008
531017,534009
531018,531002
531018,531005
531018,531007
531018,531013
531018,534013
532001,532008
532001,532013
532001,532017
532001,532021
532001,532023
532002,531002
532002,532013
532002,532017
532002,532019
532002,534003
532002,534010
532002,534013
532003,532016
532003,532018
532003,532021
532003,532022
532003,533010
532003,533017
532003,533018
532004,532006
532004,532007
532004,532011
532004,532012
532005,532009
532005,532011
532005,534005
532006,532004
532006,532009
532006,532011
532006,532012
532006,532019
532007,532004
532007,532010
532007,532012
532008,532001
532008,532010
532008,532016
532008,532017
532008,532020
532008,532021
532009,532005
532009,532006
532009,532011
532009,532019
532009,534002
532009,534005
532009,534019
532010,532007
532010,532008
532010,532012
532010,532016
532010,532020
532010,533010
532010,533011
532011,532004
532011,532005
532011,532006
532011,532009
532012,532004
532012,532006
532012,532007
532012,532010
532012,532017
532012,532019
532012,532020
532013,531002
532013,532001
532013,532002
532013,532017
532013,532023
532014,531005
532014,531009
532014,531012
532014,532018
532014,532023
532015,531002
532015,531007
532015,532023
532016,532003
532016,532008
532016,532010
532016,532021
532016,533010
532017,532001
532017,532002
532017,532008
532017,532012
532017,532013
532017,532019
532017,532020
532018,531009
532018,532003
532018,532014
532018,532021
532018,532022
532018,532023
532019,532002
532019,532006
532019,532009
532019,532012
532019,532017
532019,534002
532019,534003
532020,532008
532020,532010
532020,532012
532020,532017
532021,532001
532021,532003
532021,532008
532021,532016
532021,532018
532021,532023
532022,434004
532022,440005
532022,531009
532022,532003
532022,532018
532022,533018
532023,531002
532023,531005
532023,531007
532023,532001
532023,532013
532023,532014
532023,532015
532023,532018
532023,532021
533001,533007
533001,533009
533001,533012
533001,533013
533001,533016
533001,533017
533002,533008
533002,533009
533002,533014
533002,533015
533003,434013
533003,439007
533003,439008
533003,439016
533003,533008
533003,533014
533004,533005
533004,533007
533004,533016
533005,533004
533005,533007
533005,533016
533006,533007
533006,533009
533007,533001
533007,533004
533007,533005
533007,533006
533007,533009
533007,533016
533008,439001
533008,439007
533008,533002
533008,533003
533008,533009
533008,533014
533009,533001
533009,533002
533009,533006
533009,533007
533009,533008
533009,533013
533009,533015
533010,532003
533010,532010
533010,532016
533010,533011
533010,533012
533010,533017
533011,532010
533011,533010
533011,533012
533011,533016
533012,533001
533012,533010
533012,533011
533012,533016
533012,533017
533013,533001
533013,533009
533013,533015
533013,533017
533013,533019
533014,434013
533014,533002
533014,533003
533014,533008
533014,533015
533014,533018
533015,533002
533015,533009
533015,533013
533015,533014
533015,533018
533015,533019
533016,533001
533016,533004
533016,533005
533016,533007
533016,533011
533016,533012
533017,532003
533017,533001
533017,533010
533017,533012
533017,533013
533017,533018
533017,533019
533018,434004
533018,434013
533018,532003
533018,532022
533018,533014
533018,533015
533018,533017
533018,533019
533019,533013
533019,533015
533019,533017
533019,533018
534001,534008
534001,534011
534001,534018
534001,535009
534002,532009
534002,532019
534002,534003
534002,534019
534003,532002
534003,532019
534003,534002
534003,534007
534003,534010
534003,534019
534004,534005
534004,534007
534004,534015
534004,534021
534004,635014
534005,532005
534005,532009
534005,534004
534005,534007
534005,534019
534006,534011
534006,534012
534006,534014
534006,534017
534006,534021
534007,534003
534007,534004
534007,534005
534007,534010
534007,534012
534007,534014
534007,534019
534007,534021
534008,531001
534008,531015
534008,531017
534008,534001
534008,534009
534008,534011
534008,534014
534008,534020
534008,535009
534009,531013
534009,531017
534009,534008
534009,534013
534009,534020
534010,532002
534010,534003
534010,534007
534010,534013
534010,534014
534010,534020
534011,534001
534011,534006
534011,534008
534011,534014
534011,534017
534011,534018
534012,534006
534012,534007
534012,534014
534012,534021
534013,531002
534013,531013
534013,531018
534013,532002
534013,534009
534013,534010
534013,534020
534014,534006
534014,534007
534014,534008
534014,534010
534014,534011
534014,534012
534014,534020
534015,534004
534015,534021
534015,635004
534015,635006
534015,635017
534016,534018
534016,535002
534016,535010
534016,634006
534016,634022
534016,634026
534017,534006
534017,534011
534017,534018
534017,534021
534017,534022
534017,634006
534017,635017
534018,534001
534018,534011
534018,534016
534018,534017
534018,535009
534018,535010
534018,634006
534019,532009
534019,534002
534019,534003
534019,534005
534019,534007
534020,534008
534020,534009
534020,534010
534020,534013
534020,534014
534021,534004
534021,534006
534021,534007
534021,534012
534021,534015
534021,534017
534021,635017
534022,534017
534022,634006
534022,635012
534022,635017
535001,535002
535001,535006
535001,535010
535001,535014
535001,535017
535001,632004
535001,634020
535001,634021
535001,634026
535002,534016
535002,535001
535002,535010
535002,634026
535003,535005
535003,535012
535003,535013
535003,535014
535003,535017
535003,535018
535004,435004
535004,435028
535004,535007
535004,631014
535004,631018
535005,535003
535005,535009
535005,535010
535005,535013
535005,535014
535006,535001
535006,535011
535006,535015
535006,535017
535006,632004
535007,435004
535007,440009
535007,535004
535007,535008
535007,535016
535007,631014
535008,535007
535008,535011
535008,535012
535008,535016
535008,535019
535008,631011
535008,631014
535009,531006
535009,531015
535009,534001
535009,534008
535009,534018
535009,535005
535009,535010
535009,535013
535010,534016
535010,534018
535010,535001
535010,535002
535010,535005
535010,535009
535010,535014
535011,535006
535011,535008
535011,535012
535011,535015
535011,535017
535011,535019
535012,535003
535012,535008
535012,535011
535012,535017
535012,535018
535013,531006
535013,531010
535013,535003
535013,535005
535013,535009
535013,535018
535014,535001
535014,535003
535014,535005
535014,535010
535014,535017
535015,535006
535015,535011
535015,535019
535015,631001
535015,631002
535015,631009
535015,631011
535015,631015
535015,632004
535015,632008
535015,632015
535016,440009
535016,440011
535016,440016
535016,531010
535016,535007
535016,535008
535016,535018
535017,535001
535017,535003
535017,535006
535017,535011
535017,535012
535017,535014
535018,531010
535018,535003
535018,535012
535018,535013
535018,535016
535019,535008
535019,535011
535019,535015
535019,631001
535019,631011
611000,633001
611000,633003
611000,633008
611000,633009
611000,633011
611000,633015
611000,633017
611000,633020
611000,633023
611000,633026
631001,535015
631001,535019
631001,631011
631002,535015
631002,631007
631002,631015
631002,632008
631003,631013
631003,631017
631003,631020
631003,631021
631004,631006
631004,631010
631004,631016
631004,631017
631004,631021
631005,631010
631005,631012
631005,631021
631006,631004
631006,631009
631006,631016
631006,631017
631006,631018
631007,631002
631007,631015
631007,631022
631007,632007
631007,632008
631007,632010
631007,632019
631008,435025
631008,435028
631008,631016
631008,631018
631009,535015
631009,631006
631009,631011
631009,631015
631009,631017
631009,631018
631009,631020
631010,631004
631010,631005
631010,631021
631011,535008
631011,535015
631011,535019
631011,631001
631011,631009
631011,631014
631011,631018
631012,631005
631012,631013
631012,631021
631012,631023
631013,631003
631013,631012
631013,631015
631013,631019
631013,631020
631013,631021
631013,631023
631014,535004
631014,535007
631014,535008
631014,631011
631014,631018
631015,535015
631015,631002
631015,631007
631015,631009
631015,631013
631015,631019
631015,631020
631015,631022
631016,435025
631016,435027
631016,631004
631016,631006
631016,631008
631016,631018
631017,631003
631017,631004
631017,631006
631017,631009
631017,631020
631017,631021
631018,435028
631018,535004
631018,631006
631018,631008
631018,631009
631018,631011
631018,631014
631018,631016
631019,631013
631019,631015
631019,631022
631020,631003
631020,631009
631020,631013
631020,631015
631020,631017
631021,631003
631021,631004
631021,631005
631021,631010
631021,631012
631021,631013
631021,631017
631022,631007
631022,631015
631022,631019
631023,631012
631023,631013
632001,632012
632001,632018
632001,634011
632001,634015
632001,634024
632002,632006
632002,632007
632002,632011
632002,632012
632002,632014
632002,632015
632002,632019
632003,632005
632003,632012
632003,632013
632003,632017
632003,632018
632004,535001
632004,535006
632004,535015
632004,632011
632004,632015
632004,634019
632004,634020
632005,632003
632005,632013
632005,632018
632005,636011
632005,636012
632006,632002
632006,632009
632006,632010
632006,632012
632006,632016
632006,632017
632006,632019
632006,632020
632007,631007
632007,632002
632007,632008
632007,632015
632007,632019
632008,535015
632008,631002
632008,631007
632008,632007
632008,632015
632009,632006
632009,632016
632009,632020
632010,631007
632010,632006
632010,632016
632010,632019
632011,632002
632011,632004
632011,632014
632011,632015
632011,634019
632012,632001
632012,632002
632012,632003
632012,632006
632012,632014
632012,632017
632012,632018
632012,634011
632013,632003
632013,632005
632013,632017
632013,632020
632013,636011
632014,632002
632014,632011
632014,632012
632014,634011
632014,634019
632014,634023
632015,535015
632015,632002
632015,632004
632015,632007
632015,632008
632015,632011
632016,632006
632016,632009
632016,632010
632017,632003
632017,632006
632017,632012
632017,632013
632017,632020
632018,632001
632018,632003
632018,632005
632018,632012
632018,634024
632018,636012
632019,631007
632019,632002
632019,632006
632019,632007
632019,632010
632020,632006
632020,632009
632020,632013
632020,632017
632020,636011
633001,611000
633001,633005
633001,633011
633001,633026
633001,633029
633002,633025
633002,633200
633003,611000
633003,633008
633003,633023
633003,634002
633003,634008
633004,633005
633004,633016
633004,633028
633004,633029
633004,635020
633005,633001
633005,633004
633005,633007
633005,633010
633005,633016
633005,633029
633006,633018
633006,633023
633006,633028
633006,634005
633006,634018
633007,633005
633007,633009
633007,633010
633007,633014
633007,633026
633008,611000
633008,633003
633008,633017
633008,633024
633008,634008
633009,611000
633009,633007
633009,633014
633009,633026
633009,633200
633010,633005
633010,633007
633010,633013
633010,633014
633010,633016
633010,633200
633011,611000
633011,633001
633011,633023
633011,633028
633011,633029
633012,633015
633012,633024
633012,636004
633012,636006
633012,636200
633013,633010
633013,633016
633013,633025
633013,633200
633014,633007
633014,633009
633014,633010
633014,633200
633015,611000
633015,633012
633015,633017
633015,633019
633015,633020
633015,633024
633015,636200
633016,633004
633016,633005
633016,633010
633016,633013
633016,633025
633017,611000
633017,633008
633017,633015
633017,633024
633018,633006
633018,633028
633018,634005
633018,635009
633018,635021
633019,633015
633019,633020
633019,636200
633020,611000
633020,633015
633020,633019
633022,633200
633023,611000
633023,633003
633023,633006
633023,633011
633023,633028
633023,633029
633023,634002
633023,634007
633023,634018
633024,633008
633024,633012
633024,633015
633024,633017
633024,634008
633024,634012
633024,634014
633024,636006
633025,633002
633025,633013
633025,633016
633025,633200
633026,611000
633026,633001
633026,633007
633026,633009
633028,633004
633028,633006
633028,633011
633028,633018
633028,633023
633028,633029
633028,635002
633028,635020
633028,635021
633029,633001
633029,633004
633029,633005
633029,633011
633029,633023
633029,633028
633030,633200
633200,633002
633200,633009
633200,633010
633200,633013
633200,633014
633200,633022
633200,633025
633200,633030
634001,634004
634001,634005
634001,634009
634001,634016
634001,634025
634001,634027
634002,633003
634002,633023
634002,634003
634002,634007
634002,634008
634003,634002
634003,634005
634003,634007
634003,634008
634003,634009
634003,634012
634003,634013
634003,634014
634003,634025
634004,634001
634004,634009
634004,634016
634004,634017
634004,634022
634004,634023
634004,634026
634005,633006
634005,633018
634005,634001
634005,634003
634005,634007
634005,634018
634005,634025
634005,634027
634005,635003
634005,635009
634006,534016
634006,534017
634006,534018
634006,534022
634006,634010
634006,634022
634006,635012
634006,635013
634007,633023
634007,634002
634007,634003
634007,634005
634007,634018
634008,633003
634008,633008
634008,633024
634008,634002
634008,634003
634008,634012
634009,634001
634009,634003
634009,634004
634009,634011
634009,634013
634009,634023
634009,634025
634010,634006
634010,634016
634010,634022
634010,634027
634010,635013
634011,632001
634011,632012
634011,632014
634011,634009
634011,634013
634011,634015
634011,634023
634012,633024
634012,634003
634012,634008
634012,634014
634013,634003
634013,634009
634013,634011
634013,634014
634013,634015
634014,633024
634014,634003
634014,634012
634014,634013
634014,634015
634014,634024
634014,636006
634015,632001
634015,634011
634015,634013
634015,634014
634015,634024
634016,634001
634016,634004
634016,634010
634016,634022
634016,634027
634017,634004
634017,634019
634017,634020
634017,634021
634017,634023
634017,634026
634018,633006
634018,633023
634018,634005
634018,634007
634019,632004
634019,632011
634019,632014
634019,634017
634019,634020
634019,634023
634020,535001
634020,632004
634020,634017
634020,634019
634020,634021
634021,535001
634021,634017
634021,634020
634021,634026
634022,534016
634022,634004
634022,634006
634022,634010
634022,634016
634022,634026
634023,632014
634023,634004
634023,634009
634023,634011
634023,634017
634023,634019
634024,632001
634024,632018
634024,634014
634024,634015
634024,636006
634024,636012
634025,634001
634025,634003
634025,634005
634025,634009
634026,534016
634026,535001
634026,535002
634026,634004
634026,634017
634026,634021
634026,634022
634027,634001
634027,634005
634027,634010
634027,634016
634027,635003
634027,635013
635001,635004
635001,635006
635001,635011
635002,633028
635002,635007
635002,635008
635002,635018
635002,635020
635002,635021
635003,634005
635003,634027
635003,635009
635003,635010
635003,635013
635004,534015
635004,635001
635004,635006
635004,635014
635006,534015
635006,635001
635006,635004
635006,635011
635006,635012
635006,635013
635006,635017
635007,635002
635007,635015
635007,635018
635007,635022
635008,635002
635008,635020
635009,633018
635009,634005
635009,635003
635009,635010
635009,635019
635009,635021
635010,635003
635010,635009
635010,635011
635010,635013
635010,635019
635011,635001
635011,635006
635011,635010
635011,635013
635011,635016
635011,635019
635012,534022
635012,634006
635012,635006
635012,635013
635012,635017
635013,634006
635013,634010
635013,634027
635013,635003
635013,635006
635013,635010
635013,635011
635013,635012
635014,534004
635014,635004
635015,635007
635015,635016
635015,635018
635015,635019
635015,635021
635015,635022
635016,635011
635016,635015
635016,635019
635017,534015
635017,534017
635017,534021
635017,534022
635017,635006
635017,635012
635018,635002
635018,635007
635018,635015
635018,635021
635019,635009
635019,635010
635019,635011
635019,635015
635019,635016
635019,635021
635020,633004
635020,633028
635020,635002
635020,635008
635021,633018
635021,633028
635021,635002
635021,635009
635021,635015
635021,635018
635021,635019
635022,635007
635022,635015
636001,636002
636001,636003
636001,636004
636001,636007
636001,636016
636002,636001
636002,636003
636002,636004
636002,636006
636002,636008
636003,636001
636003,636002
636003,636007
636003,636008
636003,636013
636003,636014
636003,636015
636004,633012
636004,636001
636004,636002
636004,636006
636004,636016
636004,636200
636005,636010
636005,636011
636006,633012
636006,633024
636006,634014
636006,634024
636006,636002
636006,636004
636006,636008
636006,636012
636007,636001
636007,636003
636007,636013
636008,636002
636008,636003
636008,636006
636008,636012
636008,636014
636009,636016
636010,636005
636010,636011
636010,636014
636010,636015
636011,632005
636011,632013
636011,632020
636011,636005
636011,636010
636011,636012
636011,636014
636012,632005
636012,632018
636012,634024
636012,636006
636012,636008
636012,636011
636012,636014
636013,636003
636013,636007
636014,636003
636014,636008
636014,636010
636014,636011
636014,636012
636014,636015
636015,636003
636015,636010
636015,636014
636016,636001
636016,636004
636016,636009
636016,636200
636200,633012
636200,633015
636200,633019
636200,636004
636200,636016
